star,a,b,sigma_x2,sigma_y2,x,y
N/A,29.400258715124462,505.1740761503821,21.30792697318423,57.301362495728725,4581.8,33.071
N/A,44.915666998628716,502.82030362344386,20.374504221104928,82.99835089758638,3255.3,32.057
N/A,29.342575452448006,491.17348584663324,21.815905010182664,48.38923531768411,793.37,43.206
N/A,31.338406569461412,501.021952370246,21.318021671093643,79.10316075203072,3454.9,59.693
N/A,46.93079186843598,503.16325465498875,18.631038103766738,76.00906383155579,3376.1,69.483
N/A,262.998420166023,503.25711327998795,26.120058257545605,50.976691035272694,317.41,68.518
N/A,324.7352321350118,488.3549527556179,29.18526635132001,77.11006634889516,1224.9,100.89
N/A,42.956652429501844,503.1637654205903,18.35150230672719,74.09031323841066,3401.6,153.64
N/A,85.6227981471184,509.4820765223707,20.61249088532692,88.42874893261082,3899.1,169.01
N/A,44.563581997187455,504.1858258137133,20.39639736191211,92.27800174424864,3995.3,178.72
N/A,45.76825556209154,503.32999842991376,21.575880696224303,78.02092855969981,3993.1,182.6
N/A,31.953490630324886,506.4018337205547,18.854225872630497,70.1951266231773,4245.4,212.29
N/A,53.39109892246016,498.3107309645058,20.148106151032565,71.77411105281355,2563.6,219.53
N/A,111.10573784513463,500.41899623227596,20.968760435263192,63.917800486494414,2151.4,238.04
N/A,51.76562204587842,504.9927699982216,17.14385048275018,66.12510357914377,3287.3,249.83
N/A,725.6391269850624,570.4517196745935,19.193643593279376,64.84658389853962,3679.2,257.2
N/A,121.76321566167412,508.66425118085385,19.17497894631061,66.29451223298925,3429.2,265.73
N/A,30.479038259795537,482.5876586723304,32.67388887585691,61.30634878789967,168.62,277.57
N/A,48.205477036330805,494.5014996330509,24.11701796348562,67.9845822187484,2159.8,292.69
N/A,257.8423864124147,524.0375755308116,19.501980967166404,74.72839204308697,3477.3,305.81
N/A,34.095358277185554,493.7267394426538,20.713089495737478,51.304351235513145,1082.1,327.66
N/A,165.045972155488,506.0980821977387,20.218639937317207,58.65816230526991,2259.2,349.27
N/A,33.269259615467504,489.6382058754262,28.04986168757645,51.69252626728277,623.54,356.3
N/A,180.31257867401277,514.5419255974401,20.78937029361304,64.4724351061094,3888.0,374.18
N/A,39.058458988902494,506.6566354689029,22.314016323525685,69.50920623154963,4914.3,377.69
N/A,330.67108330972945,526.7547147211634,20.839849985515666,62.88128349025084,3836.1,385.42
N/A,170.2317652267014,502.00163841324496,23.403312850008053,55.13354769249475,1416.8,391.91
N/A,3928.511311125805,763.9603361397294,19.971660711284535,62.49850057510499,3011.5,397.51
N/A,51.43798650683037,494.97727130719903,22.6053539293445,53.7686183139263,1153.0,402.44
N/A,743.2945428043602,545.8353596923955,21.128360108838805,64.97216685636809,2435.5,404.25
N/A,47.09746503006956,502.38054516719075,19.907379847197266,48.928676220746226,3554.2,408.36
N/A,75.82621373306522,485.49992836102183,31.51780544552447,58.08155297083212,624.94,414.12
N/A,5348.210636261218,835.1729131557721,22.92708938055005,51.28393471216207,1375.5,436.33
N/A,91.16885482674306,512.5352630519868,23.801825771959177,64.40316000019516,5005.5,454.46
N/A,120.93511220216412,506.4840647998437,18.78605144863719,55.01072605412487,2845.1,453.76
N/A,3420.1435602490096,691.9228016240016,20.507737030029574,61.14103711346203,2945.8,459.24
N/A,40.20024454780665,490.12427969971066,25.057326373061716,48.05328448688822,633.13,461.67
N/A,52.982885931115064,493.3988059475964,23.91554948617171,50.062672246380295,794.17,462.15
N/A,39.39583902077487,496.6114902672634,18.677370583019023,52.52428160637803,2293.4,460.55
N/A,145.68829569260512,501.9245658852788,20.340686012903028,54.076586062920924,2128.9,462.7
N/A,134.19125969880207,505.375664040113,20.480175226462173,57.13592973960263,3354.9,476.17
N/A,70.13268088701084,500.3339996448425,19.474267270699187,51.19763652670546,2790.7,493.33
N/A,30.99811035557676,505.4851262804331,18.81470818017379,55.29090845208866,3810.2,495.77
N/A,43.38477038123506,502.6719567321983,18.782959028378627,56.15499653868403,3514.9,499.8
N/A,21.568082312290734,488.242467090431,27.937556052414738,62.97167075357688,967.76,512.96
N/A,39.50373087678327,494.6270391469774,21.356056636908377,52.34994276914233,2004.7,520.04
N/A,1538.0284059335565,584.2778278692891,20.22335892133538,55.358712060211644,3047.9,519.26
N/A,107.29130656392242,493.97728955711005,26.46187783497711,52.42298486993141,828.81,524.9
N/A,33.617541063483024,497.26400235572146,23.60576682573081,55.88952066860155,2975.9,525.77
N/A,267.3930475675263,514.4159182871294,19.28133623544261,48.63869454835855,2551.0,554.74
N/A,38.7188749285358,492.9777785792646,23.015507213107707,48.37504356451766,1370.2,559.14
N/A,74.53141411650485,501.7860609448551,18.352951736884446,44.64653469308646,2639.1,564.08
N/A,181.79030801568658,494.4177888543979,27.90876003587001,54.15785611934068,831.85,575.86
N/A,60.00299658204007,491.05702568752275,26.767930890598397,49.6630415978811,874.82,627.65
N/A,53.28101558161699,494.0161989056895,21.92446042544385,48.04455711081487,1385.7,633.48
N/A,591.7045432633759,535.2248004795497,19.95922527099793,46.04747014763466,2534.0,636.55
N/A,20.63924615087193,495.8822664069838,21.14918808329887,49.610493448507896,2676.7,642.85
N/A,1085.2514397417538,615.9465753259498,24.365326892707756,37.10243217197605,439.15,655.03
N/A,23.46646778392031,501.98742781607683,19.2460440111702,53.23790226919985,3735.5,654.68
N/A,41.95250706943807,496.1318617899002,20.15668473019723,39.21178623778507,2046.1,656.61
N/A,151.82737620803996,511.17028109098396,19.943011495163688,48.01851703874158,3886.0,673.01
N/A,33.43289415605553,493.6349490094952,20.6062306711837,46.832024949203394,1829.4,682.83
N/A,359.36469740777926,516.6556723848652,22.742650122610453,41.82565110658638,1235.5,685.01
N/A,24.78842295270021,489.7533032700145,26.335768016208423,46.80511792068459,881.66,699.34
N/A,533.507691724097,527.5321923865463,21.32658495889494,42.14140076467459,1650.1,719.16
N/A,120.59437716416085,498.4357522854982,26.354724397434563,38.941196154953914,329.21,723.03
N/A,19.55242120930499,497.5704409272154,16.993721820319752,28.937931930363888,2663.6,733.41
N/A,107.54578616208767,519.7066170829222,21.489597829831855,52.526173864408776,4903.7,743.61
N/A,73.20842747364797,506.31278608363795,18.176386640351158,42.94638033824368,3450.8,751.98
N/A,54.21247941364417,495.2352761471137,20.483829500193522,41.63587871364249,1773.7,761.27
N/A,26.964048744089723,490.3760741858363,26.205721975602767,45.93039730122264,1293.2,772.66
N/A,24.63016233440746,499.7894813172138,27.080831534245593,50.553503521599126,3906.6,781.05
N/A,470.0325786814548,522.6424681596648,19.72129391150603,37.43960085142368,2222.0,807.52
N/A,31.593717113224088,492.55750951351416,22.086604625604377,34.573354492907654,946.52,814.35
N/A,146.25536068789154,511.40653167123367,22.52337014762865,48.90318803157621,4478.6,828.2
N/A,105.80739388667402,512.5486499562627,24.353191435566973,50.65198514955336,4915.6,832.16
N/A,35.55414535242422,504.06580515613007,18.816265340182472,37.92034821221002,3816.5,838.67
N/A,8203.422141177321,1008.3295354167233,21.11232111347495,44.977312187188296,4222.6,853.79
N/A,24.928603178260538,496.09544697737135,20.112036180490005,40.032196920591566,2611.7,857.62
N/A,74.12509969925487,493.6518036821041,21.511136235633067,38.86932339324899,1637.7,861.59
N/A,48.02870628413871,491.9397535891417,24.922793504790253,35.89656905845343,310.3,863.97
N/A,479.19175442273337,544.5708709715711,22.110847458746836,45.94900412129873,4253.4,868.61
N/A,275.2981673741951,515.5681145842716,20.045298241526282,41.65822481918217,3659.5,876.39
N/A,462.0734132944061,543.8271087675771,23.608148116226864,49.90619764375758,4729.6,876.72
N/A,29.792555112626342,503.64144538369,20.997454801851916,38.95347795869977,4050.2,886.1
N/A,31.38249501756297,492.96223365366484,20.8532507977921,37.33877464122483,1684.6,889.65
N/A,109.198956300231,508.56086571363414,19.031593658840205,61.31414580103838,3257.7,890.7
N/A,285.079761240128,509.81763731809286,19.87041742895505,37.181218833161324,2404.3,894.46
N/A,80.4424360384088,503.79625012962316,19.218987733949373,37.74141015059032,3411.4,901.88
N/A,20.309740450570636,501.40291483430224,27.42885524282879,42.16840813147242,4986.2,908.06
N/A,59.63563462616612,500.5096612823022,21.706535094400525,42.67716848479429,3323.7,913.36
N/A,25.943117786917547,497.7281889695376,21.586941869180887,44.81397058475168,2795.0,920.39
N/A,17.932526937322017,501.3602436968854,12.477859186989019,34.54457608467365,3171.5,926.96
N/A,126.45579708921228,505.9889857488664,19.71563046806136,40.80583209234365,3563.9,930.71
N/A,249.16408834141473,509.72218014877035,22.9196498484519,35.156586895515204,851.56,952.5
N/A,43.289551041158745,487.30363832523756,31.926876750796087,44.57116709370554,584.79,959.23
N/A,112.97510625282808,495.95458965537887,24.996527644027886,38.92900888361656,801.46,962.26
N/A,44.87299072239768,492.60303690990537,22.2475876812913,37.57896407454272,1343.2,969.48
N/A,33.41059460467852,504.2001287530991,22.652540738165747,43.50383918368839,4820.3,973.79
N/A,20.26386829454349,502.52791899782704,23.000882181420412,46.03402178252837,4226.8,979.78
N/A,338.6400429953624,509.8506901789951,25.649522584094644,37.04569942523117,685.57,983.09
N/A,498.01641583105203,517.1419926306751,20.57464540238386,37.073857103927125,2286.5,983.28
N/A,901.7416579159561,542.4177584471449,20.106848507386236,37.41064535526472,3018.5,983.35
N/A,26.369284837082468,486.4927674193123,33.331032971668996,48.06975774535895,367.87,994.69
N/A,30.329250548633905,507.99048215444634,18.198961686872057,35.87429787182112,5026.5,1015.5
N/A,163.34709061686763,504.2435657673449,19.72056513596957,36.19517865317026,2525.3,1015.9
N/A,50.30064567576174,499.6035996302908,20.364873731352546,37.66504754561117,3083.7,1022.5
N/A,158.55296624571167,501.59677781782835,22.73573784112583,35.47785097341676,1106.2,1035.0
N/A,2910.967150101535,645.8497938817567,20.032506301791468,37.08135976043217,3335.3,1041.5
N/A,101.7456692361324,492.7156657484606,26.62575746586345,39.1404943718193,593.81,1044.4
N/A,38.774053685271944,490.67426034886114,23.896474926293454,42.619948940976705,1229.2,1053.4
N/A,214.15630800595926,497.9596174092599,27.51929244606516,39.01322766133104,440.95,1056.2
N/A,2189.182547063904,655.7395390551603,21.158882663631093,31.875342902846295,1139.3,1061.3
N/A,32.68298001509684,492.0332707099033,20.9532281520367,34.96588406861638,1810.3,1065.5
N/A,51.2959983706787,491.2676353999413,24.82841963863902,36.33149606809595,933.18,1070.3
N/A,586.9452383840029,538.9199327035806,19.51157084590889,35.675116929953624,3313.0,1072.9
N/A,174.0528251470285,509.7613087754875,21.46446480225526,38.97123455260235,4048.3,1083.3
N/A,80.10801494974315,498.4017243325195,19.66306539010568,31.617485657036696,2368.7,1089.9
N/A,272.45420122583516,510.9651832823945,26.45593698680963,34.14750946953587,213.43,1105.3
N/A,50.34630532175886,492.4638550201492,22.165697434190147,32.7925793977107,1379.7,1110.8
N/A,61.05949924259332,493.98660534460925,19.90033460301206,30.81900529701281,1617.8,1113.3
N/A,19.92166084748537,488.8279812035438,22.83633067588799,32.2349436788002,259.73,1115.3
N/A,764.6967425512881,539.1149006010573,20.238723091426944,33.39266091750275,1919.1,1121.4
N/A,29.545156506029148,494.6615512846719,20.287601895279828,27.40845984589224,2117.1,1122.3
N/A,35.15868509211824,495.652248493005,22.717383340417474,32.99599938037571,2456.1,1122.2
N/A,70.67906780943498,502.9388735031972,20.104296246451938,31.47381315050603,3479.7,1145.7
N/A,1540.4638109185435,585.5513856404111,19.468151484766974,33.51546993244069,3226.7,1159.6
N/A,1.2656781722577801,499.376793522558,-90.51740904999528,0.6900576865007437,4815.2,1157.4
N/A,21.345594381923178,503.414129380289,17.22282729463458,27.957177477769836,3617.4,1167.6
N/A,25.613674965298628,484.9649042578867,37.068378027039685,52.11762896459289,537.66,1170.0
N/A,28.757635377675363,501.3955363588924,19.078789804528768,32.83117851216679,3179.2,1173.5
N/A,24.642508176431324,500.8438421272504,24.16699687028079,47.562321877230524,4261.6,1173.3
N/A,46.19158269042903,491.4173824606616,23.828827729218258,29.64864450233111,668.62,1192.6
N/A,65.57556657939332,494.423770649657,23.339335782624172,29.610691866601787,278.61,1197.3
N/A,15.352714323249852,493.93689702929754,14.789917230102548,29.965851326961126,2218.3,1196.4
N/A,85.74736274237954,495.5778278065377,20.055942301335065,30.366278080495917,1423.2,1202.0
N/A,33.46597736243431,501.06104461197384,21.62802110262047,31.01327606609512,3547.0,1206.6
N/A,32.689128557842785,495.28421785054337,19.51946958618739,28.089884848322733,2104.8,1209.7
N/A,654.753169306104,543.7188015763223,22.73327052919846,31.348870852777626,809.26,1210.8
N/A,24.258847610219213,486.7032932039707,28.760803434519733,45.16843449367858,647.62,1210.9
N/A,158.10094189208144,504.7364679670072,19.32260062931239,31.014087261258577,2808.2,1229.6
N/A,35.62190524587131,496.98365540090145,17.259659190574595,28.585328744177247,2065.5,1239.9
N/A,33.74879095764129,503.78996134200173,22.626327163134814,34.47889288065719,4719.1,1253.6
N/A,166.82683939880863,505.3204214302054,20.063393023707807,31.069995230374737,3101.5,1262.0
N/A,120.11583371960003,493.7177802041576,25.413063897264763,34.25844473810267,553.86,1262.9
N/A,26.796686978076753,502.9018431381716,25.320185605620527,35.50105338194754,4539.0,1263.2
N/A,39.350944155554835,494.36291458974335,21.741321964847288,33.86501800793448,2317.5,1272.6
N/A,93.4420617668263,508.5673710923488,22.522839164606598,36.744191207133106,4797.2,1287.1
N/A,23.575787941286208,497.3891498382688,21.956779976647272,31.448941633176492,2707.3,1290.2
N/A,35.597662126011485,494.4297674673925,20.837724001914697,25.995872027765305,2180.7,1308.8
N/A,46.289668695221344,497.9143970555266,19.322739552222835,29.329724106979906,2636.8,1313.2
N/A,48.17458081651372,504.5950170324906,19.645780124730166,32.998143565745316,4114.8,1315.3
N/A,137.25913473555912,503.88917415616936,19.422499660989505,29.736494616258156,2863.2,1321.3
N/A,36.38938545101521,495.5069489312705,20.348787052152623,28.684360586842516,2263.0,1330.0
N/A,131.755396462361,503.4340173256038,19.80944029649362,31.715181762774485,2918.6,1343.6
N/A,368.1646460869688,520.303231674514,22.599813425552856,35.94155889578834,4591.3,1358.3
N/A,20.39533193950434,504.15275582054824,14.40427496042902,29.284668885166127,4417.6,1364.5
N/A,18.4621706902446,503.29818278658917,19.401323381125135,33.432879260768004,4820.0,1366.9
N/A,378.97939040787037,519.9989550333102,25.3949218991301,31.344000108642916,385.17,1382.0
N/A,82.08313259238433,496.33501193829665,18.90683556505754,27.490202203347966,1779.4,1383.1
N/A,535.1549076786663,519.9372110545361,26.58947511736726,33.43612145460653,336.96,1383.6
N/A,35.30249348530245,503.1112147010975,20.1215823523696,29.161560025932193,3397.3,1384.6
N/A,51.92569270519586,503.0278248866849,21.362826933413626,31.13098888333165,3690.2,1393.0
N/A,16.974909078200504,503.52705220056794,17.454128640785424,26.064207026966873,3934.5,1402.2
N/A,417.5657084341001,540.4410879175678,24.07070681916171,29.428066317591757,288.02,1403.6
N/A,14.993405888494571,504.18445735375224,13.444392989834096,20.961992500349115,3910.5,1410.9
N/A,40.071265702867116,490.35562433871064,25.222126903423845,31.101099696706747,763.09,1414.9
N/A,18.068935359478115,490.6827165248392,17.216901520065942,24.229671800785237,950.03,1416.4
N/A,66.65957988059714,504.53120306160355,18.849804964916338,28.425812765348493,3526.5,1417.7
N/A,23.466884389876135,500.6009892029595,27.425147230232028,41.38917506504982,4928.6,1422.5
N/A,117.43568839855573,501.5757182258876,19.09449814683585,28.13299767725569,2335.4,1434.8
N/A,149.48406009179902,509.082667450925,19.69402383464438,31.099434180883833,3976.8,1438.7
N/A,723.2233246676788,538.9840782972993,18.961050324153067,26.03662039116321,2438.2,1445.6
N/A,21.709218128077982,488.08549341032193,25.432895252398403,27.399979361190084,318.94,1453.7
N/A,168.10722719470624,509.3974127248892,25.32742695409056,35.59517975390835,5019.4,1457.0
N/A,20.43880028959938,503.0102954274156,20.370506823863714,29.142490118858998,3509.9,1460.9
N/A,173.38084552304147,511.13010692743507,20.535361729786317,31.394935566331206,4291.2,1480.2
N/A,26.930844721463252,499.5730727742451,17.65888407245582,27.34878125150754,2856.2,1482.1
N/A,36.03527233866899,492.59963496726243,21.552473446891543,30.085335002033116,1814.3,1482.8
N/A,27.7691015485253,493.3269618959336,21.635499485195083,28.47626749851476,2200.6,1483.2
N/A,21.34722211130902,494.2256766629123,25.610021066824356,29.59502802896661,2404.7,1490.6
N/A,51.729446968120655,498.4945488391245,20.784844685388936,30.01575882379998,2804.2,1491.0
N/A,95.26148421671721,507.5097226290688,19.602743131035695,30.342168416492314,4228.4,1490.6
N/A,127.37092228674061,510.9639870684139,20.607365495830763,31.122404615386017,4587.0,1490.9
N/A,695.2558392850328,535.3926528074285,21.46027503642525,29.642764276640484,1170.4,1502.5
N/A,38.013723490887564,500.5049016923045,21.47481057271571,24.900439294247082,3126.5,1508.1
N/A,95.84901536550353,505.921696965578,19.14804293751901,28.00082143575975,3502.0,1510.0
N/A,18.980272289498835,494.37684801458636,19.558315311570624,24.20926778119378,2254.5,1515.9
N/A,26.485772511996238,504.6494573919702,15.60953823083717,23.376046236343317,4190.1,1528.8
N/A,80.98987491652834,504.83540085629375,19.237929492643307,28.118945120150226,3351.6,1530.8
N/A,88.86409178935975,492.3602863523391,27.583722327786916,30.771184905157202,165.74,1532.5
N/A,23.457623847896862,494.7544420690143,28.259342410400805,29.365188467590023,1414.1,1535.6
N/A,119.32249118588877,507.60084072802977,20.632937690392932,30.943172299025797,4343.3,1541.8
N/A,84.00137532320187,505.8674215312324,19.73009203808684,27.882891898819462,3611.5,1550.6
N/A,43.222133521434564,503.3221058646855,20.257017111398664,27.371202226891267,3483.0,1553.4
N/A,165.65939468205536,506.60560118622016,21.72113678657135,30.6799596709212,4382.8,1558.1
N/A,25.565799919377234,501.49743077850724,20.533901581335165,25.941178576190747,3152.0,1569.2
N/A,30.70845493832546,489.92323771060865,21.44840563145738,27.408122843841504,726.72,1570.1
N/A,16.821839942416286,491.89498190825947,17.213308511675223,20.479578468810434,1708.1,1571.9
N/A,634.7317457126994,537.8531197036729,58.97425199722951,31.74889384642459,381.77,1577.5
N/A,924.6460358322743,582.7735815218007,19.136887079799322,24.464194551008152,1188.0,1577.7
N/A,41.04433032753203,503.04607440983074,20.780879267434255,31.405071901346982,4424.0,1583.2
N/A,-2130447.539568753,2130695.0447115023,2098411.25832704,14096481.633744208,1201.6,1587.2
N/A,357.75925323782934,532.0093922524094,23.48123655648899,26.768824412666213,395.11,1588.4
N/A,45.501470533727534,501.14015727860215,18.762617946694657,24.541439191368475,2948.1,1596.1
N/A,21.912812861862626,493.4660896065021,20.64928848942852,26.054978810332262,2087.0,1598.3
N/A,238.2274027338548,510.2643969744107,19.844818043237513,27.767523876916297,3986.3,1604.1
N/A,111.18911082192926,495.271849274009,22.847992017775475,28.390863743568314,665.18,1607.3
N/A,23.889939647843992,487.3832200649759,26.57361960197592,30.025102154324927,583.85,1608.2
N/A,248.77137615256655,515.335541134573,19.922599780322226,29.33028574651116,4140.2,1613.1
N/A,38.1758145512939,502.3278353946386,23.88081285299139,25.688492428722594,3309.2,1633.5
N/A,131.4344538826503,507.369870055257,21.48382935694921,26.910724433205754,3285.2,1638.0
N/A,233460643992708.8,509.2614999593709,1582.1943370074564,20.355785381887546,3273.9,1641.2
N/A,178.7017826014507,505.5053377190493,20.07779367343551,24.48783679368352,2788.2,1654.2
N/A,87.94012549046906,493.0712638943547,21.617356545060115,26.492241352283713,1117.7,1679.2
N/A,156.28821038177747,510.21665011075345,19.354862764186226,26.823349106170774,3902.6,1694.9
N/A,661.6217142440579,532.4400196622281,18.914126043552173,24.73781421033635,2049.7,1696.9
N/A,25.158764333617626,498.7255545794751,21.13076586903447,24.06595797452513,2759.1,1696.4
N/A,32.20808891824289,487.5332548556275,29.0554566347173,30.260901040247806,73.234,1720.8
N/A,33.926167373290895,503.2189334996853,17.810648630417003,23.983905094157798,3279.0,1726.6
N/A,75.06757545391382,493.19679570336484,21.911635305512746,27.204172859236,724.37,1729.5
N/A,31.43847489734895,504.1820915097758,19.40585250868389,26.007679530442676,4260.4,1729.2
N/A,137.75702525466318,508.35433643971635,19.41950863435102,26.395175645622043,3629.0,1740.6
N/A,173.82859019703696,507.25260105387247,18.993829861685658,23.75821641894843,2797.7,1750.4
N/A,493.13993651028164,529.1722443373907,23.120161953872227,26.633697220543645,444.26,1751.7
N/A,21.2680675528753,503.1649351471137,18.124219356908117,27.057887038808076,4813.2,1757.0
N/A,55.55326068811415,496.6942351881233,19.910057580740474,24.874343973850344,2368.8,1772.0
N/A,67.38251331566418,496.95265275243014,18.256978917862163,24.430426903726044,2192.2,1772.6
N/A,26.444832851617488,491.06810392099,23.21503296125324,29.875491417176814,1993.3,1792.3
N/A,48.19293398492312,489.5234340562709,25.618168647077116,29.125749838033123,750.06,1799.6
N/A,49.299814126486645,489.8228116448915,24.8964389974936,28.6105381434769,832.62,1800.2
N/A,141.55767648613906,500.55036671891173,18.013350540590572,23.99999542970207,1766.1,1827.9
N/A,69.1145684876446,494.32759105481875,18.69232654224894,24.015718290932792,1705.4,1836.8
N/A,23.05720883697631,501.9962348238385,20.130041866631498,29.97170080525022,4365.0,1839.4
N/A,222.70970441558515,513.790034413879,22.77617538456073,29.825167247997644,4853.5,1859.5
N/A,264.1638425365033,514.0143348970695,20.087225148009935,26.77498094410228,4143.2,1860.3
N/A,19.40217245271549,489.63477590357564,18.971355043302488,28.833042607420875,1465.8,1862.4
N/A,35.02721634634552,497.1961263444009,19.89960567127388,26.45266350469952,2592.4,1870.4
N/A,109.62509540328021,508.9615559017202,20.492492865064087,27.492101004843168,4652.0,1873.7
N/A,147.37963020856958,499.6077791031231,21.596093021887047,24.741395040279773,641.06,1881.4
N/A,57.749643125737684,494.85406199003853,19.901942580859288,25.893078246145027,2015.0,1883.3
N/A,40.95628998142918,500.5137586583133,19.63439271715601,20.118351284795587,2836.1,1893.3
N/A,45.59906952818188,503.94927995443675,19.636292472121013,25.075197721357426,3729.1,1897.5
N/A,16.23419349871121,488.7092410566339,19.231431958969072,19.055598349977323,100.45,1902.8
N/A,74.31055825007118,503.95446304336053,21.427823758809488,27.649386564671463,4564.6,1902.4
N/A,68.0832677274208,506.660400932988,17.74549960845077,22.30740617702073,4241.2,1908.8
N/A,27.05370741273815,501.21049796673753,19.04744218722815,23.14791209739602,3041.2,1915.9
N/A,1230.4826303941963,575.4344672494403,18.68513760814802,23.310936506301605,2270.1,1918.7
N/A,42.840649337406255,501.8207240966408,18.862738880690276,22.482960327795073,2975.6,1918.1
N/A,30.543751636182304,494.1581272755393,20.147053553084902,22.91752249251712,2136.8,1925.9
N/A,201.03652848193238,511.67625081524307,19.040042098144735,22.8119455823884,3174.1,1929.2
N/A,33.280615490693485,502.4716606700692,20.547841239696833,30.503514052891493,4260.8,1930.4
N/A,515.2126704323608,526.7950661053135,19.225845478614147,23.269250792701857,3241.2,1942.2
N/A,32.000679664984084,495.84272791669264,20.36325894901115,24.380711689439774,2243.9,1943.5
N/A,235.09039044149335,512.5892238623841,19.59668786024533,25.04920386812374,3754.5,1951.3
N/A,15.473581265070592,502.5763103159135,19.253619107563424,24.663121406362293,4558.9,1971.2
N/A,25.560804735711397,489.17349709035597,20.943850971560025,28.2817847319829,1389.8,1972.5
N/A,22.69056774717734,491.09360971932006,16.016067854798226,22.11099538569531,1225.2,1979.6
N/A,41.729401388311636,503.6130648527022,20.75737417738698,28.072315941943867,4781.2,1992.6
N/A,39.79915618412016,490.6023587495561,19.87872708314867,28.60858336201682,1476.6,1997.8
N/A,65.63040419215572,504.7552227548264,20.26464884139498,25.303164620098688,4724.1,2000.3
N/A,133.8578626615303,506.71115024906925,19.629883277624042,23.59567472802159,3030.1,2001.3
N/A,47.86712042325098,500.22034924450395,18.416408316938135,22.177787550970685,2640.5,2005.8
N/A,3710.733331807952,718.8293735372625,18.762553161661323,23.40211633063,1825.2,2012.6
N/A,17.836172973438977,500.88315555950965,19.674248602605648,20.997522375101653,3186.3,2013.3
N/A,106.8430356751347,492.28511402401045,21.305954229952718,26.309195154157305,1141.4,2013.3
N/A,32.972063486661156,490.10017737957037,20.12849626496427,27.893136653784822,1514.7,2020.2
N/A,81.61073707999175,506.1275916914662,19.558104840574806,24.080166393328078,3936.1,2021.0
N/A,185.51724930815638,511.92035995570853,19.582718743360292,24.077103402708754,3635.5,2021.7
N/A,18.892617551220464,499.2834907077239,22.42845399127272,26.47092515901976,3036.2,2036.0
N/A,19.283795272340896,493.7855478522344,20.629730799274842,23.990153723493037,2259.5,2048.6
N/A,32.96714979523872,502.9352640724565,19.361796786212246,24.112358694371746,4375.8,2050.1
N/A,31.102734583421658,503.19898473654746,17.864938197624838,21.44531423373127,3891.9,2050.1
N/A,243.32403428803718,511.94991782069457,20.101219669342154,25.066203658231004,4077.2,2051.0
N/A,16.442534667309232,489.8555045947334,18.358154620387005,22.134844834669927,1446.0,2052.8
N/A,155.62603170236378,498.10357046337396,19.309866033704406,23.254985475291562,1752.9,2053.8
N/A,53.61329727113283,490.76747253852756,19.48452426929402,24.2918464702452,1077.8,2059.1
N/A,25.557250541260945,501.8793304843664,17.023190314406644,19.739929678388382,3253.1,2065.1
N/A,102.00429924512852,505.853279167686,20.295238850048246,24.025932497710574,3535.8,2070.6
N/A,179.36545616793993,510.1449540140724,19.552245852289914,23.80058004476014,3418.8,2072.4
N/A,93.0851800489339,504.2555244452463,19.61086692113614,22.875992178162864,3148.9,2073.6
N/A,39.33885805796389,503.8392205921566,18.97770777161076,25.33459129394165,3973.4,2075.9
N/A,77.62286339295228,502.26112946391913,23.780335656271728,27.88941793705828,3197.9,2076.6
N/A,34.72206433758274,491.81359539292885,18.724758872020228,22.166986747121218,1367.9,2078.8
N/A,20.704776568880792,503.8935074796193,18.73101393156317,18.56574944001064,4264.0,2082.1
N/A,42.05325629556492,501.1243249035839,21.932167696505605,25.243186405910254,3079.6,2082.9
N/A,54.19283500371193,505.4288174347607,17.745551389099933,22.45244852168363,4050.4,2084.5
N/A,26.10973471869806,502.4303844104692,19.664501123303268,25.34192874717959,4415.7,2086.1
N/A,24.480892775777242,488.53146087550783,19.38715284981666,21.91301417235576,414.47,2089.2
N/A,136.86897272374375,500.51470335938194,19.763577276748105,23.314515661047473,2247.5,2090.5
N/A,25.807604682770087,488.08266820210446,23.952961226760458,28.373381838559713,1212.4,2091.5
N/A,27.431363743492998,490.8416588342646,18.06635062866184,19.556510499664686,1489.0,2091.2
N/A,324.8484366080904,511.2549042899976,21.464195565404058,23.407643363309873,2589.0,2094.1
N/A,65.6754652784246,490.9153043179661,23.590540219786877,28.769186582094544,1375.6,2108.5
N/A,55.78108435355106,502.65394840671405,20.909433454314545,22.74537401562917,3228.9,2108.5
N/A,79.04869417360942,503.950658442004,22.284238678963032,26.400219595346595,4696.5,2108.1
N/A,27.961517986604253,490.79963233831717,19.47666525909478,25.82404941279174,557.34,2110.5
N/A,38.252931325655226,505.2506439246951,16.105193247065017,20.79845877117624,4137.4,2112.9
N/A,20.702435381161415,485.6594578051524,27.78280338933491,33.83868673864216,588.67,2114.3
N/A,27.959425778871392,487.951374857293,22.20948685506445,25.23159516336689,288.38,2115.7
N/A,49.90858037335739,492.1422964151718,20.955522101104286,23.49151230095317,1235.6,2117.8
N/A,112.48153646604868,510.3656962713299,21.051474085099528,23.72179797197785,3581.7,2117.6
N/A,441.0653370054446,524.6086478940406,19.513253217176317,23.95143779118431,3733.9,2124.7
N/A,78.03365766025883,505.3216976927743,19.722549362322173,23.436866778043875,4004.5,2127.0
N/A,61.27333616713899,493.1617565015961,18.87321087578487,23.509702238960564,1632.0,2138.1
N/A,19.666126858798442,501.3660320828986,18.494718905870084,23.038072663039056,3142.3,2138.1
N/A,211.7284577571326,502.1650895301217,22.31486404400224,25.972595274975966,555.36,2140.6
N/A,71.65988218134943,495.3269247445226,31.848941028440315,156.66704832050416,3225.8,2142.5
N/A,78.44493195364848,505.14840965814386,20.229038932172923,23.356838834565256,3711.6,2150.0
N/A,42.46988339642795,504.4143971320951,19.431934837871818,24.81535479610651,4516.4,2153.1
N/A,24.006807560571207,501.3982510096243,16.504956183667318,19.05615520510735,3034.7,2155.8
N/A,89.36958287529124,504.816414939633,21.811666047571705,37.46084988880423,3227.5,2155.8
N/A,53.32991176643044,502.43335687338396,17.33995757556905,20.017420202412257,2735.2,2188.9
N/A,255.78739223625925,510.46778351636436,24.746520934847826,24.891051007822902,170.07,2206.8
N/A,28.7937435153233,493.16546976599597,20.173264680042944,23.85662617431223,2077.4,2222.4
N/A,32.73274700088246,493.32097117730706,17.187057966169085,21.642800941638107,1932.4,2224.5
N/A,47.73958595580989,501.6430492976449,20.252414981046716,23.073157013104975,3064.3,2224.7
N/A,80.86933236454148,492.16901778141334,20.15562804636292,23.755924280714193,1074.8,2225.5
N/A,144.85755550426495,482.45964452698786,19.213770715152478,40.762166944744614,4432.6,2228.4
N/A,5527.604639133326,834.3682753673991,19.473540106139062,24.84891906229168,1566.6,2245.9
N/A,780.4652041264771,539.1926006091023,24.409515599664616,26.189940408760073,308.43,2251.0
N/A,20.192862088244535,497.976201167826,21.203680254738746,26.51317835676207,2786.7,2253.1
N/A,34.51575730667953,493.3561149758152,17.416402333350337,19.510185063670182,1494.0,2255.5
N/A,23.00635587548625,503.51776108879136,18.140036593897253,22.653645316102182,3977.8,2263.2
N/A,74.24326958437626,493.02198465339063,19.653454615306597,22.394249604773258,1480.6,2278.2
N/A,26.891758065216738,500.46172584667755,21.69169239529708,25.192705683521154,3030.8,2298.5
N/A,30.810816935383354,491.2316402739687,16.677765014903265,20.796570820121417,1199.0,2307.4
N/A,23.61939927599303,495.9119555246982,21.187856090711573,25.468616497011592,2486.8,2312.0
N/A,4340.656333917607,724.2254425782793,18.947950760488716,22.01152278130993,3638.4,2314.3
N/A,18.06464878870437,501.95897673562075,16.398910303799724,18.054842997866988,3286.0,2319.1
N/A,223.14387930745596,505.5797182449276,20.023852742916645,23.04134129319679,2423.8,2320.0
N/A,20.045338974821032,491.1773191915259,17.796356338525758,22.407429937648693,1762.9,2320.5
N/A,77.81046901908402,490.2963106492355,22.447458063319147,25.312719643253164,525.76,2329.3
N/A,66.005735630379,500.5294094308601,18.729544410553267,21.934403307962906,2601.1,2340.1
N/A,23.99678814559947,494.15470718882733,20.756111761068805,21.77309057764673,2192.0,2350.1
N/A,35.784941308851565,486.7965601849826,24.389474773665206,24.31456341943465,270.61,2361.2
N/A,171.05477592488023,510.7218375424716,19.116016360968874,22.901641529895876,4058.4,2363.3
N/A,15.787279805811343,497.7035242072622,15.400699159362599,16.00365462876863,2559.4,2370.6
N/A,46.160223148685546,489.8211679362187,19.068028778566113,23.917353507938284,1164.2,2374.1
N/A,19.55119996747729,492.808466527992,18.72637124641561,22.475771267944424,2021.7,2375.4
N/A,97.10838196520449,496.2302842107194,23.049475378459746,23.31525605542516,54.11,2379.9
N/A,18.289314232621688,490.913135489198,14.819667878991886,17.690595652452373,1399.3,2386.6
N/A,52.05263163900545,504.45140811587413,24.069008329948492,24.66524753319618,4892.4,2394.5
N/A,637.7286836495788,533.6969969666494,22.892496181301087,25.264619953858638,431.41,2404.7
N/A,22.804895478093155,502.3040057192534,20.001574692432445,24.906067413673377,4138.1,2405.8
N/A,390.61336430665966,516.200572090962,20.27189772323004,22.867035805809852,2775.1,2420.0
N/A,410.1711155726204,522.4102337114939,19.22377392688168,22.734310417002085,2993.5,2421.9
N/A,52.04591000368108,492.047598387401,18.85297455952543,22.801710059397212,1371.8,2423.1
N/A,109.04798998465434,510.89700730262507,17.997849423307983,21.370330079169623,3789.4,2423.7
N/A,1834.3174192395988,612.6398418282208,20.127220074648466,23.72481976985428,4718.1,2427.4
N/A,99.33947880706522,507.89072593900136,18.030841258899944,20.87045251066192,4142.1,2435.3
N/A,84.94691434776828,506.15352662521553,18.834792781053046,22.31351294381931,3697.1,2441.3
N/A,384.00973979092237,524.0274562041576,19.273177329335375,23.50939444873577,3811.8,2441.9
N/A,27.84816667090991,488.6000669256668,21.355010633113707,26.043003952216843,1185.9,2452.2
N/A,66.35497306206405,491.7338131401227,22.16745916985558,23.864909811037098,337.24,2468.4
N/A,58.03218320969951,496.86514764218964,19.503138686190624,21.93405707321435,2322.7,2496.0
N/A,18.824537167042674,490.1652326545422,16.517049118612746,19.628858420850896,1514.7,2497.6
N/A,29.198977660544667,503.42801189637146,18.12108551637485,19.884230620967813,3423.3,2499.9
N/A,39.45219934439328,492.8187004707855,18.998600414193184,23.17901427270706,1971.6,2503.3
N/A,17.33113542750539,496.20879986127915,16.656192736709926,22.506999946447383,2425.6,2502.2
N/A,21.475586325524304,503.0069157939481,16.662583040827073,21.31563686307477,3934.8,2506.1
N/A,271.54628722856063,500.2787710002698,24.4078262589618,25.989049697059027,211.93,2508.6
N/A,28.012794416047427,499.9127514060797,22.341700532803127,26.724683108223953,3244.2,2511.6
N/A,19.216286965634808,512.5861540186258,20.1527358646429,30.604925401753476,4899.8,2515.9
N/A,137.06959204898482,495.32679975504294,19.053944292772734,21.585108304539133,1075.6,2520.1
N/A,24.092293644125885,488.31926656732975,24.238926028115962,24.35215783947461,1188.4,2528.8
N/A,275.33607440094363,511.0841250082601,19.715380691978556,22.594664485344907,2459.7,2538.6
N/A,58.42692175062432,500.7507368764959,17.863628411152046,21.382003771015576,2410.9,2539.8
N/A,27.917320786299925,502.5583897653371,20.836414728255598,22.982437556809067,4076.6,2546.2
N/A,38.07616752918663,502.17962557383953,24.13159247290423,26.03453424117615,3392.7,2549.6
N/A,68.84924532140552,500.6470273621728,19.663658299840684,20.964413664296586,2630.2,2553.5
N/A,483.0726056148055,518.1445537986291,19.462116622418947,22.69036237485894,2003.1,2555.0
N/A,161.939273600899,497.3505876327749,19.77370540823421,23.73351264280092,1284.8,2556.0
N/A,23.63479892414337,490.6686021721088,20.51269506528495,22.764101544284525,1599.3,2557.1
N/A,39.92502351935116,489.33060359528685,21.50316963597765,24.23309399449237,1156.3,2557.7
N/A,39.37955838841735,504.3142601057151,17.348174875700074,21.755634385716988,4406.3,2557.4
N/A,163.59119910850748,499.66478956720147,19.092527933839836,22.172385128908346,786.59,2558.9
N/A,169.3860610783131,504.6706643190119,19.610657295701667,22.606653762391428,2426.9,2561.0
N/A,356.5272335588946,513.1683692726474,20.485378194393125,23.2425155619543,2307.4,2562.1
N/A,97284.31373447092,-20409.032194356758,73.5528504991351,92.67052932647064,4939.3,2565.3
N/A,32.59257569411383,503.28869864796116,19.057699515169745,22.722741190826458,3755.4,2567.6
N/A,132063.42780869565,-54155.30620107506,107.30324047987385,117.78082837445801,4933.9,2570.9
N/A,209.7278343583134,508.56036855807065,19.827384827786982,22.032370901791186,2899.5,2574.2
N/A,32.51858035794023,488.9192359925504,20.7297390876565,23.469048075043826,398.98,2575.6
N/A,23.617360985430892,495.44576359732906,19.354741527237742,22.628466282300046,2340.3,2590.5
N/A,92.83204682559293,502.2920945721846,19.4632503938869,21.891747493086832,2671.9,2593.6
N/A,139.44342547931709,509.32637624695246,18.88643309964095,21.847223719238134,3487.6,2603.5
N/A,284.14739945264853,467.3393752994987,88.90562315354164,226.19414076446125,4924.4,2604.6
N/A,24.589738651543698,491.5626701039216,19.64919742503049,22.068374796862862,1910.1,2610.7
N/A,464.92531160413137,525.1076200014426,19.38617173604511,21.928863035790823,3164.2,2612.2
N/A,18.790973823508853,493.54236351054817,19.51067916725415,25.210484324276045,2190.9,2620.4
N/A,267.05013817353,514.3053999819739,19.641872035951977,23.370447204466036,4201.2,2625.2
N/A,1723.9655144850256,635.2183984781028,18.21903308610339,21.744632960101974,4529.0,2642.8
N/A,14.935078615090877,495.74927177595816,17.819712194744174,20.64561675875551,2433.2,2647.3
N/A,37.60919340371478,498.36511748677924,22.35317214272738,23.80342062501002,2800.1,2649.1
N/A,18.59904190821346,500.0584949036379,18.303226785199193,19.517383757121596,2967.9,2648.6
N/A,29.896177688609942,502.7064502806783,20.196572818414264,24.466940862878815,4150.7,2652.2
N/A,245.04278670664246,503.0672414151686,19.301761568516895,22.63971001518147,1781.4,2660.1
N/A,221.0559275980343,513.9575050069645,18.632462601304592,21.38723860977049,3317.5,2666.8
N/A,18.302349922331445,502.4400281187837,18.78437103938631,21.822365334359045,4297.9,2682.8
N/A,20.27349444832996,487.8938203094753,16.21094092625701,20.937608625009503,761.25,2696.8
N/A,24.760678857995835,495.8450434432372,18.278451965584235,18.93588736466919,2313.6,2699.0
N/A,4100.980354355787,719.9183394765213,19.21706930320119,21.68795385046392,2168.0,2702.3
N/A,19.913987106817913,503.7595287757954,23.293909312617878,22.439285740146783,4939.2,2706.2
N/A,36.29111875076358,497.0598613361741,17.97899336675019,22.577958956091763,2468.5,2708.7
N/A,25.994474624160976,502.55268922414126,20.486122649521892,21.829041475753435,3766.4,2716.8
N/A,35.181354271699746,491.4612820595964,18.71277836041883,21.592171913526936,1596.6,2735.3
N/A,23.575056894404536,500.6789895604543,17.665245736822932,19.61750580071338,2996.6,2738.9
N/A,36.34646836417781,490.97402084393116,19.53666091417724,22.782683506811786,708.93,2743.6
N/A,291.15870626201803,508.59845511833896,18.72337408358065,22.936291843465604,1412.2,2743.8
N/A,34.7380124414281,489.2851042357262,19.89829270790302,22.08389588569461,748.82,2753.5
N/A,283.4732035374404,517.1141109592083,19.317159154806575,21.77253227576956,3426.4,2755.6
N/A,108.54960608718679,500.8159300571811,19.30821856787553,21.856369195805694,2430.1,2757.7
N/A,93.54405568545396,500.653541330371,19.790793661574924,22.443325782469895,2681.1,2760.0
N/A,682.1022920442481,536.4279060291333,20.674824086409497,23.52862375260543,556.55,2772.9
N/A,32.72789793303659,502.78637284767825,19.952330597867164,24.791032246235183,3874.9,2774.7
N/A,173.10784387025387,512.7482240213436,18.367967357686496,20.877961594276282,3815.6,2776.9
N/A,159.06438672054074,493.9007782959119,0.22162492485569243,10.287688261626903,2167.4,2786.6
N/A,90.49391381647428,505.2074365506847,20.44242786919126,21.21728554941723,3327.7,2795.4
N/A,281.24472313688494,518.3856921684251,18.72132252509068,21.80145422684274,3545.1,2796.8
N/A,25.454969788863494,496.30453608207876,20.774223960350696,22.224187957470942,2536.8,2799.1
N/A,24.424441667076128,502.8777990541459,19.223866891802718,22.015850386259583,4308.3,2801.6
N/A,20.46279689208202,492.25213134372274,18.868311360964835,20.736868335989268,1952.7,2803.9
N/A,20.96822340121577,491.2961818272488,20.1078452442686,25.108791093656404,1871.3,2814.6
N/A,17.334887735188083,487.91567162737186,19.343164658921392,22.368733454262067,399.51,2817.7
N/A,22.99700189124479,490.35923031671354,19.64121567020094,25.49133441940779,1596.7,2821.1
N/A,52.08816582192099,502.4447122243022,22.608946694401798,24.73845757691896,4919.2,2822.7
N/A,85.86111391180471,507.33576004755264,18.828952365754365,20.733570255563247,3192.0,2824.9
N/A,109.7704582419223,497.19435596350894,18.950825432889584,23.247087610689,2019.9,2826.5
N/A,270.45865648379953,508.18249843058,19.729949208238466,22.702260024208226,2106.4,2840.5
N/A,50.33401294780983,490.1379485397115,19.239636078994828,21.916551147703956,744.24,2843.0
N/A,157.9627311086748,510.7482566587653,18.921352896409402,21.90653509473133,3753.5,2846.2
N/A,68.61054597223003,505.27562557950273,18.577405181674205,21.923068452689975,4024.6,2853.2
N/A,39.78014103056101,504.22257901715653,17.50417963111971,21.048739167701903,4235.1,2857.3
N/A,70.6099517676934,494.6049322109186,18.0928535351643,22.904122210598672,1919.2,2857.7
N/A,19.15661560141117,494.2190145553455,20.95443744222837,24.17633559935273,2365.4,2857.8
N/A,23.229825614544286,488.8257944836914,19.112062799178272,20.65147339159873,134.28,2866.9
N/A,193.62899713048526,502.6552339376401,19.51027500126886,22.61865097574345,1753.3,2869.2
N/A,180.92580167928827,503.18606992715206,19.883405182295252,21.913245157858153,2327.3,2870.2
N/A,260.85935882548966,514.7159712355001,19.45990956519074,22.322361721620638,3259.9,2883.8
N/A,32.141940212747215,502.7349747164194,18.854247167259217,23.739174831445254,3577.5,2892.4
N/A,53.87789486347965,503.90615468728356,19.47579381137518,22.137757334912795,4641.1,2894.4
N/A,92.87123489996722,497.455265259887,18.588773134062755,21.37426633545208,2007.3,2900.9
N/A,83.41122071172546,506.5980446527718,19.075554951262596,21.64511075383538,4816.1,2900.6
N/A,133.65801236576326,509.9126511738734,17.87566267250101,21.237648454772067,4271.9,2909.6
N/A,374.1044979158803,511.3003839854496,19.20983959695094,22.807716669172017,1589.1,2911.2
N/A,178.6198850613186,504.83182504772736,19.544015357688576,22.036579899484654,2513.5,2928.4
N/A,22.775345267721505,501.20330042149857,21.764743814787554,26.514297622824543,4592.9,2934.2
N/A,801.2417420725515,548.3316116770343,20.795562214621132,22.87134422375349,4892.6,2944.6
N/A,32.60042517243512,503.15052522222453,18.3019886133799,23.06712532989302,3842.8,2958.3
N/A,27.623653987810567,495.80280533879085,16.967156239024636,21.464745720362096,2302.9,2963.5
N/A,35.446632175060984,496.3157197720695,19.124258919753327,20.534410314389365,2348.2,2964.4
N/A,42.60791115640354,493.97711050100725,19.381429839129723,22.27092869417408,2154.6,2971.3
N/A,20.27965933293035,503.1064179021914,14.831307122809179,19.6386612186973,4154.4,2971.9
N/A,18.83514066034324,503.0458584520124,15.154822852654235,20.44776851208724,4335.4,2978.6
N/A,23.86649463530151,493.86960555678996,21.43942232130452,23.314413103452598,2298.5,2985.3
N/A,97.8266819787301,493.9385567826873,20.54688740410862,22.988997977025775,701.0,2987.5
N/A,28.212267599485546,502.25236542202646,19.358611169894065,22.010384642302796,4224.0,2994.7
N/A,136.31514059709582,510.1423698942203,18.637448044254242,21.285456690911953,3394.1,2996.9
N/A,74.99795777573364,491.10932085638166,23.25582186542745,23.582920895324623,52.376,3003.9
N/A,1311.6395075284113,585.3974644152119,18.749344069520706,21.936043770807,2427.4,3015.9
N/A,497.08661521800764,530.7679057605932,19.12275384998641,22.195727208932368,3905.9,3020.6
N/A,92.01239119443264,494.278373370403,20.03005154905415,22.032278566244614,625.14,3024.8
N/A,45.91713796413133,502.99372601468673,18.28707796672373,21.680316792412256,3309.1,3028.5
N/A,79.40755751718994,506.0939079103786,18.925804316237475,22.40721046389963,3718.4,3032.7
N/A,29.25968177521252,491.5587548064185,18.673008822675527,24.54905886828418,1780.9,3040.4
N/A,73.35428823969775,504.82234597270497,19.91348982525505,21.996840969084474,4709.3,3041.6
N/A,41.53150859458509,503.52144741620424,19.433320022914387,22.366051212298085,3666.9,3049.3
N/A,317.53703273078435,509.0571318853719,18.98525198511177,22.611595073375156,1089.2,3054.7
N/A,40.36001439612812,490.21258843925847,21.284430538455897,22.773205755705686,831.26,3056.9
N/A,28.760014799239023,501.67114291647067,20.602144039363075,23.772275034044114,3270.9,3060.4
N/A,96.32027650488762,508.5486364584322,19.45332911163317,21.281462835576793,3553.1,3068.1
N/A,56.07797286867552,510.41343710062966,16.20665477767113,20.119204649907626,4103.8,3077.7
N/A,28.46303395263712,502.0926578941257,20.422616025705874,20.7985597014672,3825.2,3089.1
N/A,72.05532184856563,498.52968363925265,19.44694559664855,21.371447185375406,2464.8,3091.4
N/A,568.8400971054316,561.046429828901,17.518697137959165,20.10935568757301,4084.7,3100.9
N/A,4969.395387194515,784.2285883144297,18.946925899061323,21.137628910422222,3578.5,3109.4
N/A,565.892084357231,544.0152720563477,19.298377039328034,21.509647814768478,4102.9,3110.0
N/A,942.9188287171522,550.9279399769852,19.898195580314187,22.57487635964394,3320.4,3112.0
N/A,23.81605291061858,499.50399526981073,33.37620834407217,25.426654030771505,3181.0,3119.6
N/A,399.4147373536693,513.9840886082814,23.407640952731185,25.771574462506408,369.34,3121.7
N/A,24.99358698295618,488.7826141696597,20.058181747369375,21.024424675483147,603.98,3125.1
N/A,27.980823936618712,486.4327734983075,25.548786329459887,26.11076238951713,202.1,3131.8
N/A,203.7591146475333,515.264637646431,18.22870456330328,21.44936447682687,4069.2,3133.7
N/A,37.01221243121502,488.370626404591,20.83709566701896,24.863005923560614,455.84,3134.9
N/A,22.46574087980132,485.5550484346412,27.145676742814814,24.96606321634297,67.913,3139.4
N/A,27.494539425144687,488.20674498786707,23.530348653450492,22.92208499560737,785.62,3147.3
N/A,43.58321105976591,489.2908914411845,25.025345572181312,27.38657280742946,1097.1,3155.1
N/A,219.32118888181597,515.6047623546153,18.356838227754,21.66288453266123,4250.0,3155.8
N/A,24.000450133635407,503.53289512952495,18.47546809052738,20.926448401433007,3870.5,3161.0
N/A,27.83530472805836,491.36523606453795,17.921321595929797,22.350561910335674,1603.8,3166.5
N/A,27.82073833812971,502.7891263648051,17.58607309140954,20.15415325112272,4854.5,3166.8
N/A,104.03916651914753,502.81738221847064,19.797329337552515,22.165229256317183,2805.4,3174.0
N/A,134970.90848076213,-134457.33434263858,504346.0681852421,716925.2710840491,4340.9,3171.4
N/A,669.3241478649862,528.6066511389233,19.17876711285292,22.653785250181713,1435.1,3188.1
N/A,25.03987304352732,500.3248011417563,23.076641962226915,30.35598816702199,4834.1,3194.5
N/A,57.762435882347695,490.1077527568092,19.485911373639198,22.74468728554832,555.52,3205.4
N/A,97.87423667375491,506.8194774285661,19.38697406268519,21.703170014359266,3864.7,3205.7
N/A,54.43396556860347,503.7991605019898,20.229689087535114,22.24019537371164,4578.1,3205.9
N/A,46.02331888303514,493.9748541998535,18.32793173980632,22.521008943690823,1860.5,3208.7
N/A,27.806330592646855,503.16204935906995,19.66765012687719,22.221929025420128,3429.2,3207.3
N/A,73.50399912337551,494.817265235227,18.980819928199224,20.815043477071956,618.09,3208.5
N/A,59.28582793625433,505.4628898911795,19.416334870097536,21.97653989453888,3608.1,3208.7
N/A,45.37277593391597,505.08333662185174,17.62303093309715,19.966827833867264,4202.2,3208.2
N/A,23.210843984366946,503.5728174715648,18.081648136808848,19.513376371601648,3403.3,3219.6
N/A,259.6015981707466,501.9782655291679,20.78507646567984,24.415629464045313,803.76,3229.1
N/A,761.1441559027162,543.7720181342675,20.37784799093351,23.41049097489783,632.19,3240.7
N/A,26.6885828885759,487.95812528799325,25.241038988590567,27.917873332714795,910.31,3240.4
N/A,590.0712627558457,535.2909758881182,19.692743047342958,22.543131516253958,3303.3,3241.5
N/A,24.440113379140005,491.35022721422,16.453365499248164,19.827055769238093,948.72,3250.7
N/A,47.761122975768124,507.80289558511976,15.576150530271327,18.883080866002736,4382.8,3259.8
N/A,25.24344913014936,495.019715441333,20.47724073211432,28.496840172483875,2546.7,3276.0
N/A,43.04004205651822,504.78393719014326,18.215621929716853,22.79489027298181,4370.1,3276.3
N/A,132.82318237996432,497.9377248373196,19.032946769553302,27.499598060823033,936.24,3281.1
N/A,22.97487834766437,501.6697268425598,21.01043776642519,21.40879645638194,4172.9,3285.1
N/A,25.497915683990627,491.1655960824911,17.028087490052016,20.758286934757493,1390.5,3317.4
N/A,15.694013358588135,488.2689559847802,11.862371806278595,19.16716473023115,306.16,3322.8
N/A,39.82956224310753,506.1335686430899,21.48654303934379,19.81636731171659,4624.3,3325.2
N/A,35.02374556804455,488.49469828158675,21.623528905978034,23.521712119003695,70.424,3332.4
N/A,16.480027746605025,501.59037003018557,18.832376464604884,21.05215757531918,4757.5,3340.7
N/A,27.033439465631673,503.0255750106933,17.765554116093817,21.728738436088506,4267.7,3341.7
N/A,190.5646305232486,513.2381677016518,19.76324021871289,22.450118318911276,3430.2,3345.3
N/A,1171.582522049443,566.9319014691922,19.800222495052427,22.67635336016362,3204.9,3346.2
N/A,20.109894655470843,502.7264699185685,15.70689250096538,19.58644961299896,4538.3,3348.9
N/A,37.34363659040221,504.3663646896149,17.227220107431542,20.662041634298355,3629.7,3352.2
N/A,62.65604014928378,498.0473736696444,22.88973962080691,23.84775382425948,2526.5,3356.1
N/A,251.22278985228849,521.4507723532452,20.97855850880306,21.077029054999127,2134.6,3364.3
N/A,29.00570680167886,487.04810173554483,22.96843489313692,25.182857746632227,497.77,3364.5
N/A,307.7330193490359,514.7984076989997,21.584537829751152,22.858185614584322,2152.2,3367.2
N/A,44.585727790380716,494.9333353734076,22.15535873329778,23.45984478441602,2181.5,3366.9
N/A,23.70903563505315,485.9426392873238,27.021789118198978,28.70073205828766,281.15,3374.0
N/A,39.041413170190054,494.30198199388633,20.644916469223002,22.9663114195383,2069.8,3375.1
N/A,46.072441180846575,499.0933201632316,17.865662480322154,21.727008327518714,2663.0,3375.4
N/A,34.43681157523449,488.8467874055142,18.498506127447396,23.264297624454773,586.1,3381.5
N/A,174.73351568956437,512.3703970573156,18.34549103899499,21.592516066847757,3989.4,3390.8
N/A,16.79728782684374,492.8484626147231,15.636250269814434,20.61178929038134,2035.1,3393.6
N/A,44.48573417149835,491.4278362334528,18.159077598785235,24.598542967914295,1000.6,3399.8
N/A,26.905134893824094,498.22402655610193,19.108157079756367,21.09836089827101,2861.1,3399.6
N/A,37.74902809779175,505.0353289799278,19.24176722669706,20.58068982069726,3608.6,3399.6
N/A,17.14518552563805,503.3328565112653,18.396773575979626,16.60023526132836,4162.7,3400.2
N/A,30.433633890064144,504.4265662403044,16.877678497153422,20.795568719465965,3629.3,3401.5
N/A,28.981340329685956,501.7942605478383,20.53849039899555,24.45610320343263,4349.1,3404.8
N/A,20.244108453339006,492.8864479564343,16.088643912030822,19.426906759482225,1511.2,3417.3
N/A,58.401075543169675,499.4013226341183,16.44900253110698,16.589666043075514,755.14,3419.2
N/A,154.09868115894756,498.75652698070985,20.156180668798218,23.123191211587148,773.8,3427.5
N/A,43.34317545151425,498.29823035317423,18.62633018905625,22.930587375727466,2642.4,3434.7
N/A,32.117138077071225,491.40979145536096,18.464059397353452,22.17720268836492,1325.2,3436.9
N/A,37.52217442225857,492.079349883555,17.552968902808285,22.784301253208916,1523.4,3437.5
N/A,30.42743428729313,504.4077002265836,18.19790601473268,20.9764653680625,4008.7,3440.0
N/A,17.51263003282748,491.21220303754836,18.016008867883023,23.853225105514703,1606.5,3442.8
N/A,55.43262625360956,504.97296679766936,18.716877651108824,22.433385767110448,4000.1,3463.3
N/A,133.21855548789304,507.69322569854467,19.536909878896605,21.971031744624167,3202.9,3469.6
N/A,531.1985125346985,533.9483031106779,18.808622888194062,21.7136078927878,4629.8,3469.8
N/A,258.8633337968924,504.7813578323635,19.226512999651373,23.376558980657844,1119.2,3472.7
N/A,25.544591213890502,494.9079260169474,16.275182289045322,22.752955987852143,2098.0,3476.3
N/A,30.28965966158689,489.5296557467284,20.750756464384672,20.006037680630346,191.22,3477.9
N/A,58.7541362996413,493.23121620521937,18.633728437680215,22.981356691627397,1357.7,3485.6
N/A,44.548998795826975,503.4846240598927,20.14688662724327,22.532802941271502,3791.5,3493.2
N/A,19.00595696591288,501.18896158157276,20.82488736075495,22.35665457319465,4491.9,3494.3
N/A,20.097412641438364,499.48804492719165,18.004810860490636,21.060620182286495,3034.2,3496.6
N/A,395.0943279704848,517.8009849608085,20.13410675809381,23.038987986798606,2787.8,3501.6
N/A,26.33053001121594,501.98167827862056,17.968819028880283,20.657454987054006,3203.6,3501.8
N/A,440.0315087907891,515.5037650544432,19.54163157274571,23.191640330774565,1728.8,3508.4
N/A,22.662143946275854,494.6710025871389,19.251380274979535,20.077004916165794,2204.0,3511.4
N/A,16.120502021529603,490.2244101690381,18.64950348775523,20.048260080576963,1340.0,3516.4
N/A,367.6190660643284,523.6407012585364,18.913296727418622,21.921683607598013,4091.4,3515.5
N/A,23.7740159728048,503.38296907129615,14.757178186336029,15.742474303085473,4776.5,3519.5
N/A,46.190236554828516,495.8192484048117,19.304582652250165,23.052877288076814,2411.0,3520.6
N/A,68.63922890200641,500.4511861234873,19.939259683707114,22.375866309433356,2759.9,3524.0
N/A,72.55022114877865,504.1693071137854,20.429482694747833,22.18089386465226,4262.3,3531.8
N/A,19.08352475572787,488.60797684603796,19.91438269210919,21.48890932727387,923.19,3536.0
N/A,42.44746717868187,500.1996462889923,21.812946821307545,24.51506104917941,3057.2,3536.9
N/A,19.347665053226105,502.0414841376468,17.953726635619937,24.782641046499574,4504.8,3550.1
N/A,49.079864852808385,498.049717516127,19.92967943094821,23.15314525872849,2746.3,3559.5
N/A,22.019665208122277,489.606856916009,20.208113874581507,18.438909791366168,465.63,3564.9
N/A,29.657915543772077,501.45060059992994,21.49083327594395,25.841075156810756,4441.8,3567.1
N/A,53.30275898575169,492.12081655365864,18.46670688446897,21.745045855141207,1083.1,3567.3
N/A,83.14581051110088,506.42770244849567,17.94819982063669,20.428066518098678,4389.6,3571.2
N/A,121.70124962125834,501.1335671384774,19.85764645082534,24.280213483125895,2527.3,3601.9
N/A,48.280696957649674,505.15084412833437,16.751963563025853,19.281847467931563,4967.7,3604.7
N/A,25.34032352560358,495.3746913516679,16.389739304676755,19.266364298361015,2255.5,3609.3
N/A,803343298.9939387,-803273751.4001937,1850672.2665881908,1854632.9458082125,3441.3,3616.9
N/A,19.673379215316146,503.34855200504717,18.545133162873324,24.047619356749163,3674.5,3617.4
N/A,21.504641768182,488.35941004035243,19.151666176567637,23.19194311605193,405.1,3629.2
N/A,318610382.5764877,-318541431.6389315,515675.5729125234,1387752.4680957776,3428.3,3626.4
N/A,18.342668735605063,503.256329930057,15.77511495805298,16.600092585773822,3917.1,3630.5
N/A,17.73987920507554,501.5526769185687,19.090212856763564,21.504024193821042,4564.0,3629.4
N/A,134.38992118172922,507.0042718235127,19.8457941622677,22.930883854900223,3106.8,3646.3
N/A,24.0809670065323,488.01404818358805,17.53584758606902,24.533363291089778,106.77,3663.4
N/A,22.246722334892457,501.1444455349439,18.689582123896603,23.485849298759057,4302.8,3671.2
N/A,1822.9609016567467,618.7005610627209,18.384599224473785,22.38461951234925,1391.0,3676.6
N/A,27.70639746741717,502.5118065305013,16.897391418935417,21.649691678698105,4217.5,3679.4
N/A,61.226030931352135,496.22297310974415,20.04075601717864,22.669111235006543,2153.1,3688.5
N/A,17.54109341383833,500.90216199642646,24.8788330501615,21.23247502421292,3896.8,3695.4
N/A,74.33125514438429,506.1665706983099,17.951001917558038,21.964709126034233,4054.3,3701.9
N/A,24.837193418649203,491.69761216353515,18.769554914783697,23.686357959080475,1665.6,3706.9
N/A,19.90488274162002,493.67726217258917,22.232149869582766,36.5559568000747,1432.1,3712.8
N/A,77.11789171185302,510.027404520654,20.242538910455867,22.984761398335067,3569.3,3711.7
N/A,49.4295764643946,505.1508832522019,18.177749927580535,20.364656804141678,5015.0,3725.6
N/A,22.024164731205552,503.6249271464482,16.919224350278018,20.171419955130904,4403.3,3729.8
N/A,21.451331991947676,502.5010175240498,18.512078718084805,18.753598232665304,4420.2,3736.6
N/A,32.98805226940805,489.59956857708687,18.44183370388043,21.167026634757875,678.02,3738.3
N/A,60.14234447772385,496.7299561431085,19.220035839976873,23.70398398695984,2242.5,3747.7
N/A,1224.6332263548989,566.1153697753123,19.51910443705389,22.426037767908575,2520.4,3749.2
N/A,25.21613724913184,488.63251761879803,21.5624776398614,25.05263692833446,754.41,3752.2
N/A,23.97221140633717,507.29445446287923,13.59964825654337,16.389609736382972,4042.6,3751.7
N/A,185.8626965288997,509.63573379546835,19.927652594351578,22.537435715111798,4374.8,3759.0
N/A,87.77228445402069,500.3309860776473,19.715223799288253,23.581514992056565,2671.9,3762.9
N/A,150.65514780932006,510.54461456374713,18.38210804846643,22.195240800003397,4025.2,3768.2
N/A,48.83170470979364,489.47659465843407,20.088945266707494,25.184600270053494,540.31,3774.9
N/A,20.769869842089708,485.3125697750717,28.064957541886656,29.170117930242235,369.96,3785.6
N/A,23.81621833464619,498.93583617043356,21.96509748077464,25.11605612062067,3045.2,3787.7
N/A,101.60512736061142,493.56066877454157,20.280822235713813,24.15948203847389,768.84,3788.0
N/A,18.37086056181631,491.24472141365004,21.628120698972207,26.542126031851698,1862.9,3788.7
N/A,21.52818792983807,500.4294259064488,22.900916092160056,28.0953049528445,4317.1,3788.7
N/A,23.379298326402587,497.8126234525688,19.91600456277145,25.278387143848697,2924.2,3791.6
N/A,110.44375335649615,507.3522219213234,18.956572371617618,21.509541333190832,3860.2,3798.6
N/A,89.65427251236208,500.8334313465564,19.458583896037354,22.529965690724904,2742.0,3801.0
N/A,26.521513331071784,489.7864220005709,18.20915180337464,24.838531690731998,1453.2,3814.5
N/A,25.425040164775233,491.2826495629694,17.08002601849527,20.288391540071625,1356.0,3817.5
N/A,21.81560062576142,495.15016584938405,19.558592934043226,18.948640803127624,2230.1,3823.6
N/A,22.675180378175025,488.46459159133076,21.565880049264834,25.5131107592331,834.64,3825.6
N/A,113.52456606270408,496.3201319894421,20.179969055272405,24.869524527117058,1808.1,3842.1
N/A,85.91767865061036,494.8667472678812,20.102670238497627,22.60539929201403,315.65,3849.9
N/A,29.738020955958504,500.68620860009463,22.546048223316017,21.764717306510992,4794.4,3856.2
N/A,17.687539195090597,500.0387741916134,20.7959054382474,22.959789764380883,4966.5,3859.0
N/A,102.6183416271102,493.85307596905506,21.250057398225053,22.532630074632095,47.077,3860.7
N/A,17.940280407422307,488.40666492644976,18.960351606701856,20.90823044906474,718.49,3863.8
N/A,34.81500187059838,488.51827663587613,20.84643999785153,27.277128978867243,622.76,3882.3
N/A,24.020322960926634,491.14417592951696,19.58077540262218,26.398804446065043,1547.6,3882.4
N/A,684.9847277400675,559.2624680146731,20.951105018054772,81.59320877443902,3807.8,3889.6
N/A,17.056989111309587,494.3608481781633,14.168717530588902,17.2202262834875,2165.9,3892.5
N/A,43.370885845378226,490.591370341832,26.096831477625447,25.59473838218288,957.1,3893.9
N/A,560.5981219950127,540.9295508512696,19.53924337879285,23.96621335472568,3803.1,3901.1
N/A,76.06736476035707,497.37929287424475,19.403003981874715,23.064492690166347,2061.4,3911.2
N/A,34.75139106533819,503.6030388951607,16.39181846654065,20.23115990443356,4003.4,3918.1
N/A,104.4053590618528,495.3494134813929,20.212804858411207,22.56355000808697,471.0,3920.9
N/A,37.933871545383774,490.1062105159093,18.849537256876367,24.761749479557825,1039.5,3932.8
N/A,68.15152385134753,504.9435166496539,19.575457937558017,20.846287999877305,4691.3,3946.5
N/A,1096.6544273590268,577.2240688136225,19.966595673668387,23.453161271246568,721.0,3951.9
N/A,55.180792441401785,503.16652150708984,19.078549169075465,22.7053912921738,3338.0,3952.2
N/A,68.59631484510831,497.04983285038094,19.376792040193212,23.489809490990666,2300.4,3955.1
N/A,20.39157183613251,489.96249209462417,20.1444424724643,24.70599727275694,1258.3,3960.7
N/A,29.117563151038013,493.38363174615773,26.020078457265868,28.832099292879974,2519.9,3972.2
N/A,21.512489548653374,500.9311604230632,18.947620235066545,25.219627432786663,3587.2,3973.5
N/A,1037.2328981150297,555.4362200647183,20.859367824101273,24.426672301146446,755.33,3974.4
N/A,59.61300024977833,493.42402506943677,18.591273642404246,22.455948309793985,1048.2,3975.5
N/A,437.93560880968914,524.9048905175306,20.011724820938117,23.639515544293385,3295.8,3975.7
N/A,334.8910771944778,518.4666764224975,20.769254104908672,22.43429725397664,5017.2,3977.1
N/A,21.313619891036264,491.5707588481543,19.945974262959915,28.115578506131016,1759.5,3981.4
N/A,25.31530230007832,501.6715606486571,17.006523330912547,24.254521783032946,4230.2,3982.2
N/A,15.430394525310094,502.37023513200666,16.82181579191546,17.07569295612145,4319.9,3981.4
N/A,20.033339320558856,497.6714493470438,17.156561311039418,22.09545776617907,2968.9,3986.2
N/A,23.558823930797693,493.43195131493667,14.425287046500815,18.247310750465083,1659.0,3994.6
N/A,67.85972757231575,492.14065709996396,19.756139977809887,23.11875193699816,67.236,4004.9
N/A,24.522301782181735,502.79384473381145,17.760320966498828,21.947317153669267,4106.2,4010.7
N/A,78.52145977719775,495.25860047848323,19.673016655679003,23.70630857298866,1917.4,4015.0
N/A,17.172356956371072,493.0996693508458,19.82981632173825,21.258597299518282,2033.0,4027.5
N/A,17.486630247242154,501.3177824257719,16.768746331076596,23.3678498318171,4543.4,4030.2
N/A,84.48275198067061,502.2901750455521,20.470392815880718,22.405737126660796,3168.3,4036.0
N/A,25.59834471166148,500.61693129287585,18.901782873851285,22.820640068470322,3546.4,4042.2
N/A,788.2326682769849,539.7160226730075,20.341265176365162,24.091223498849885,964.24,4043.1
N/A,45.11139963954032,491.8352287944623,18.5097542097187,24.361933379353317,1249.2,4042.6
N/A,687.0439937421023,539.7493333802736,19.075013195211017,22.195930610163334,4390.6,4051.3
N/A,24.223636522044288,499.2367197064571,23.201505137343414,29.02774390556363,3630.8,4055.0
N/A,237.44230862038796,511.2392818188811,19.45710432892421,23.461201559561353,2713.4,4058.7
N/A,116.52867735925784,493.6860896700796,21.324758309401368,24.144939397167626,110.85,4066.6
N/A,215.39806566813326,499.44604900947184,20.732881480934665,24.35868592375695,817.39,4068.2
N/A,476.3507106122539,523.6453861728513,20.429931200740562,24.073019898589383,2582.4,4068.8
N/A,32.552765093145375,492.46796330452156,19.795428253419242,25.533445347924353,1815.3,4073.3
N/A,19.198682256487306,488.0470493887396,17.272713871249618,22.211750128708825,246.29,4082.0
N/A,19.033440757439116,500.0699927388327,17.436089682406354,22.06685462280964,3316.2,4084.0
N/A,57.01128289713736,505.0662637188911,18.44027695492197,22.344624947030294,4712.7,4086.9
N/A,355.7811324425799,514.2692777037375,19.379389426803346,23.479063432911754,866.08,4089.8
N/A,23.454445828451178,501.2179094227865,16.74886255892466,20.279598680923808,3485.3,4091.3
N/A,16.803919511592927,495.98711061422813,18.893355102879667,23.671909683936992,2714.1,4092.2
N/A,30.109785697459838,502.06855193485984,18.80295878373082,20.378016437864005,4483.5,4094.3
N/A,54.31355805405209,497.5415430089888,18.683997152090047,23.600246565466552,2340.3,4094.9
N/A,31.20342478318893,497.4104423832613,20.119363188407323,27.15250085935496,2579.4,4094.8
N/A,22.510783795488422,491.5687524016477,18.24246411813806,23.271468799893203,1388.7,4107.6
N/A,23.872262984703724,493.5760568099179,22.422499191150795,24.366857817669914,2317.2,4107.7
N/A,66.39924912575236,503.7767706526478,20.21332507860102,23.36645703991849,4712.0,4115.1
N/A,24.625548409641475,502.439223975402,17.014266075628722,18.474612316188082,4015.8,4115.9
N/A,26.73544256949291,488.9802560183482,22.00655039239565,25.685090359570363,842.49,4118.9
N/A,22.918517936521148,495.93509273217717,20.470990758631594,24.28600049991541,2869.1,4130.3
